title,soldPrice,soldDate,bids,link
Raspberry Pi Model 4B 8Gb ram + heat sink + keyboard + power supply,120.0,29 Aug 2022,1 bid,https://www.ebay.co.uk/itm/204079822266?hash=item2f841af5ba%3Ag%3AMhgAAOSwbnxjDInH&amdata=enc%3AAQAHAAAAoH9bQIK7%2BBCA1e635oD5LQVRT8vPFY9W1qhNO%2Fwdd3y2j%2FwLBBEDS7NmnnBrm3vhGtgyYQTjvJuqPf%2FsDTxLFQ5MjqdzvuKFpK%2BxPi263l%2FVzCKas8O011UJ5s8whIyoogFWfjV0YDihjFlS%2BLKKA5GuMuacXFOZl9OQEAykkcDOHtGZPAd2UmVL4E%2Fb1eifFgelOd9hUuPEjLzxGGqftgc%3D%7Ctkp%3ABk9SR_6hi4zeYA&LH_Auction=1
Raspberry Pi 4 Model B 4GB Motherboard (RP-4B-4GB),72.0,28 Aug 2022,27 bids,https://www.ebay.co.uk/itm/295170151075?epid=27053252260&hash=item44b98312a3%3Ag%3Ai0EAAOSw1X1jALZM&amdata=enc%3AAQAHAAAAoDNfpGafrjnGHcb1iEWv9APBtLQnkDXvVl3OF%2B8pl0IzaiDjqBkkCtJpDVwxnr8e33WuSbWbgQbvdXj1XIOMZ1gWWDquwOAZwDFUXq4PZLaC%2BBmaJVZQKh%2BojfRPyVQjUxE3iw2q7WgEV2BOO91dB3KPEdZyLsPVmJJbFt6%2BkZdD9kp%2F2El%2B8H1ru6nU3Ai1Y1uaquo92S0BNctZ3cQCBSw%3D%7Ctkp%3ABk9SR_6hi4zeYA&LH_Auction=1
Raspberry Pi 4 Model B 4GB Motherboard (RP-4B-4GB) with extras (PSU/EDU Kit),95.0,27 Aug 2022,11 bids,https://www.ebay.co.uk/itm/295170133563?epid=27053252260&hash=item44b982ce3b%3Ag%3A7n4AAOSw63BjAK9g&amdata=enc%3AAQAHAAAAoFglRYogk5eEooE8zkYr%2FDheoi1mtNWLX5zkDqYydPvlTRV0zVSIcnqojRvGbtqYZzL1poNLaa8a4NDe3FnbMR670x29EhJ4MgzBNNNrWYnYI1umL%2BJoUNGvq%2BmG1XdS45Spmijf84NJ7zkIBfvyjbtCqcxIwQjrHTrBZOmplUpgX7CZk7CxlV1yBpYWBh8j5lYDfEdj9oAHoWeq3sSeWh4%3D%7Ctkp%3ABk9SR_6hi4zeYA&LH_Auction=1
Raspberry Pi 4 Model B 4GB Motherboard (RP-4B-4GB),56.51,26 Aug 2022,6 bids,https://www.ebay.co.uk/itm/165634956204?epid=27053252260&hash=item26909cdbac%3Ag%3ABqAAAOSwKV9i%7E6FE&amdata=enc%3AAQAHAAAAoJ8uLb%2B2aTrDRHhRJp85knW79PQOkNBjqCXv9PIN8YNxT37zXSvFjoe9M%2BYaEytkbKTAd1S4xR4Ml9Vu0JMq0e7S8QAmzkiP5LuH%2FvwzlWu%2FwPFukgLn1IeuGta27LHi5a%2FXqnEgzek%2BBI33LZFMoBIrcb14s0z3IeSkYAaAXJt9K18pEFMDjufwKHtuuPdSiqTZM2%2FbUq53RqS98imIpTc%3D%7Ctkp%3ABk9SR_6hi4zeYA&LH_Auction=1
Raspberry Pi Model 4B With 8GB RAM already in case (some faults see description),68.0,25 Aug 2022,24 bids,https://www.ebay.co.uk/itm/234660597754?hash=item36a2dc8ffa%3Ag%3AVvMAAOSwMK1i-Ssm&amdata=enc%3AAQAHAAAAoFqYwjLwbQu%2FMzoPgtDQJ2UZbJ2wf9sIRKWYIidF2%2BwD8RINsAKGe08%2BxoUgWF87OKjvkkILHBqVH40cpdE7A%2BS8zS257UNbN8V6r%2F0qqUPEzN%2FRsq5pIS%2Fh%2FhsmWJks6rptiWQbGIPDRWRjzSNE85jd9sOVl2%2BybQP7qewPj%2BesTCndGoLr2pz3%2BwEVPx9FA59%2Fn35CenP%2FiAc3rGmuYD8%3D%7Ctkp%3ABk9SR_6hi4zeYA&LH_Auction=1
Raspberry Pi 4 Model B 4GB Motherboard (RP-4B-4GB),70.0,24 Aug 2022,18 bids,https://www.ebay.co.uk/itm/185541939965?epid=27053252260&hash=item2b332952fd%3Ag%3AGy0AAOSwsjdi%7EQ0-&amdata=enc%3AAQAHAAAAoC0zylZOEdEJT8bXemFhWm0BfIhriH4IK%2FvJkR7MxUvPX07UlUTqXr5rcFZLJUNhLAQcwVk3ej1TJUtJ6X0OqtGLjwtbMKk0Qwow0mXenNSchnwUQV44h3d7aUOQp3ePTaOGXs38VW%2ByIUy%2Bk00QgQbB8UoJ%2FxX%2FHVK%2BV8OG6GufWo%2F5Yu7Cf0Y7HY8iAWpADfEO7GNhYs1J6WIWvoxxr5c%3D%7Ctkp%3ABk9SR_6hi4zeYA&LH_Auction=1
Raspberry Pi 4 Model B 4GB Motherboard (RP-4B-4GB),70.5,22 Aug 2022,9 bids,https://www.ebay.co.uk/itm/265839183060?epid=27053252260&hash=item3de54004d4%3Ag%3ArUkAAOSwiX9i%7E6Mx&amdata=enc%3AAQAHAAAAoBdcxM2TFMzFZrVlsn0EuHIJbAzMUzkqeAcxQG2eXYcxuck5OKOOs0DRVy9fRjL0wX8AxeFo7JMQRzm5KrBd9doyouBcuLCBhJofYhOxsJutrtHyxzczcFnKOEoSHtvSjDn1%2FW8vSse5ZGq0hhNhIcUVW8Mb4qU1JZBIAdrDyFtA3rOcATs3QXovRUn8f9b1b2tLylSCn2WLfWlvqwS1%2FRY%3D%7Ctkp%3ABk9SR_6hi4zeYA&LH_Auction=1
Raspberry Pi 4 Model B 4GB Motherboard (RP-4B-4GB),82.16,22 Aug 2022,16 bids,https://www.ebay.co.uk/itm/265839129818?epid=27053252260&hash=item3de53f34da%3Ag%3AEK8AAOSwF8Ni%7E5ze&amdata=enc%3AAQAHAAAAoNWx01iR4ekWJmlcZryq0e%2BL%2FBX51xsKEj6UgtKSh4zZR4gwOF6zEANqkRfl2TFZ2qknyGIHXRoGXbdIH3cTz%2FeszbsCtGlcYkevR5D52SGNV1gFOqF5FkCVJr72M79BQT1LApcKMmT1ZwtwwcJ7l%2FkLXqYm4LBE4QfMgn5qlONRyPyUFg1zSdkTe8WiIv60E7kF7S%2BHkD7fS2JFARvY%2FOk%3D%7Ctkp%3ABk9SR_6hi4zeYA&LH_Auction=1
Raspberry Pi RP-4B-8GB 4B 8GB 4 x 1.5GHz Computer System,106.0,22 Aug 2022,28 bids,https://www.ebay.co.uk/itm/204069094087?epid=16039083418&hash=item2f837742c7%3Ag%3A%7Er4AAOSwYgNi-hWu&amdata=enc%3AAQAHAAAAoLhadPZ0qyB34sHTgAi%2BVR3DHky1sySj1xJVPuQIT1%2BwoO8NLlyfXZIfv%2BaCCqLBvd4%2BjquwoCwbmHNjBjX%2B8emxEMQirMvGFtKUDcZ4GDYlvj%2F1R7WqnWKzkDq3QN7Oc4FxscbwZmsqt%2BeLsHtwrOrO8dSxiJNOXM4Pw9mPoHHGhA63oigcuVlW8QqT8PnjC%2FY0HyQaP0BiCFnFFkrxevc%3D%7Ctkp%3ABk9SR_6hi4zeYA&LH_Auction=1
Raspberry Pi RP-4B-8GB 4B 8GB 4 x 1.5GHz Computer System,100.0,22 Aug 2022,20 bids,https://www.ebay.co.uk/itm/204069093631?epid=16039083418&hash=item2f837740ff%3Ag%3Am5oAAOSwJvVi-hT8&amdata=enc%3AAQAHAAAAoHERxPyxxzTonodK1coC0JpSl3zoB%2Ft5Z5bwAGwJxiAoopG0H3nQRwu0PJ1aJ7enx9%2BvYk1zsk9ZF7TqSRleNB977zqqENBNouDx9EUSylp9Wy9spxYXUojp0F9V80JTZP%2BA5OUKO21EXeN0ypFpFI%2Bc6DbE0yIcrxkcnxaPPpfIE43MQR3ynb36lzHNQbgwxmHw%2Fn%2FhvtvaLFfSsHgxbYo%3D%7Ctkp%3ABk9SR_6hi4zeYA&LH_Auction=1
Raspberry Pi 4 Model B 4GB Motherboard (RP-4B-4GB) Inc genuine power adapter,68.0,21 Aug 2022,14 bids,https://www.ebay.co.uk/itm/204064888556?epid=27053252260&hash=item2f833716ec%3Ag%3AfYEAAOSwuKVi8o-b&amdata=enc%3AAQAHAAAAoCrUzVq20R5yZsZvLr88RGMMcWNXYUoj7FI18geOSlIObRIitXixn7XUiqRr8gdVuB%2FcpFDlUNupyHELYyU1jevC3wZ9dqi%2FYCMgONPKODzeyWRGh9Qkehoxkup04Q1Z9BJlgllT6tTOFDq8V6SYtiQZYkW7lDAFbMRLtd%2Fj1eMuzekcDl2yqDdOHK8DaDgtz7oNOdnowLRbcfv5hGEKhgU%3D%7Ctkp%3ABk9SR_6hi4zeYA&LH_Auction=1
Raspberry Pi 4  4GB  includes aluminium case and micro HDMI adaptor cable,72.0,21 Aug 2022,9 bids,https://www.ebay.co.uk/itm/155118631585?epid=27053252260&hash=item241dca7aa1%3Ag%3AnfQAAOSwjadi-kGA&amdata=enc%3AAQAHAAAAoMgPKIScZE28NWGnlPCzc6903yt3ZBMb49aVIBYgCYBy%2FssFrqQhuI4%2BH3iXHl4%2FH%2BX5wbGqoAfsVm%2FfVKkV7F78Olc8q8DLgkY7P2ZEacpQtKeEtVNpK67SuiV%2FrYIe4gV5seXVv3cBwZkSsH0pfxayKAsZ%2BGVMdyHMs5cSyntPpGZ6T37OV0PALWy08Q0cIklMnsckXRve7cCooA8zxps%3D%7Ctkp%3ABk9SR_6hi4zeYA&LH_Auction=1
Raspberry pi 4 B 2gb with psu unused boxed see pics  ,52.0,20 Aug 2022,10 bids,https://www.ebay.co.uk/itm/255678875940?hash=item3b87a60924%3Ag%3AsBcAAOSwrkdi-r9s&amdata=enc%3AAQAHAAAAoNab9igfMMnviO%2FSymfTFHyubXc%2FsgqTk9UN%2Bx0WYNWxAq4wyUrwoM92b0HssLC6dK%2B8oIx3MH3Hah1%2Fg65Ds5yUFyzJ%2FI1GY%2BAI9vi%2FfLo%2BQJhLg40p8RTy5abftVCkN2iU7%2BW5NG5dZheqDzMd2Dx4fA1g%2B9NPRWjdrGxScmc109A7NH1gWn0JyV1%2B1Hk4TTjp2OAGX2gBpYgch7gdLuo%3D%7Ctkp%3ABk9SR_6hi4zeYA&LH_Auction=1
Raspberry Pi 4 Model B 4GB Motherboard (RP-4B-4GB) Argon One Case 120GB M.2 SSD,107.99,19 Aug 2022,10 bids,https://www.ebay.co.uk/itm/265830644883?epid=27053252260&hash=item3de4bdbc93%3Ag%3A73AAAOSwwMdi-TnO&amdata=enc%3AAQAHAAAAoC8ig3k7LmC63JDgQR5mv0UsgGIsOvYDcIE1gH8%2B%2FhLcdqWr0r%2FTYe9L0o%2FOc7AkDxVTCbSWQL8F1P%2BXytwqcuyiuxwyOc3%2FgHbfWB2vvI%2FUhQ%2BGydVV2n2eee4ujwll48JtkLLXODWrIs3OBkMGd2U%2F47KiN1RbssP4AvRuojVgOcIBM7cr%2BiOIepBc0%2FU8GTJgnfxLZtCdieTyqoel%2FRM%3D%7Ctkp%3ABk9SR_6hi4zeYA&LH_Auction=1
"Raspberry Pi 4 Model B 4GB Motherboard (RP-4B-4GB) With case, PSU and 8 Gb card",74.0,19 Aug 2022,8 bids,https://www.ebay.co.uk/itm/185535708177?epid=27053252260&hash=item2b32ca3c11%3Ag%3AXDQAAOSwJzti9m%7EM&amdata=enc%3AAQAHAAAAoJKirREFY1M8%2BHNq6ZJaqHWOa%2FCnZP6PzDaZzvvt4MEb8PnfBZkTMZCH7zenD%2B%2FiJ8x4retfgzhBgKxs0xdAzrWCwRHMS1Ez9ZbORB40Xcql8Ieq9eoawcQXQ3d0OPs2o0fVQV9u7jc3m0HaMycOCV5%2BMT4emT2QBr4PLER8EJU87gYJ%2FhMW8VdU4T8Iua3CTMteLOmk7jfRKzh%2Fd26Kzkk%3D%7Ctkp%3ABk9SR4Cii4zeYA&LH_Auction=1
Raspberry Pi 4 Model B 4GB Motherboard (RP-4B-4GB),76.0,17 Aug 2022,9 bids,https://www.ebay.co.uk/itm/155113542894?epid=27053252260&hash=item241d7cd4ee%3Ag%3Anb4AAOSweZRi8%7ENf&amdata=enc%3AAQAHAAAAoDe40S042e2ETzMvUGMk4nJjYob214eE11fIyqQ7Ixo%2BsV2VmWTLO0km%2F3Kh9IHgMWuZ4HysXibHvB9%2FctvdLQ%2FWin%2FF1FY8RCeGr8eeiYEGIgL6pnBwq7%2FMfPlxHluU4lHre73scXosnxvuomR3tcK9YA7RyFhCw3m5WEZzevSdXb8ZQ2srH5t6HT5k5UUNxaJGNbrWbcsZYDX73%2BPHxew%3D%7Ctkp%3ABk9SR4Cii4zeYA&LH_Auction=1
"Raspberry Pi 4 Model B 4GB Bundle. (RP-4B-4GB). Case, Fan, 32gb SD, HDMI Cable",73.42,17 Aug 2022,8 bids,https://www.ebay.co.uk/itm/204065521726?epid=27053252260&hash=item2f8340c03e%3Ag%3ARgQAAOSwaz1i87IE&amdata=enc%3AAQAHAAAAoDs1RkaHOXhj9jDtmcMbDfhxtS9qnD9z%2BiYZ2npstrZMpqxXsoqZkgP3pTroxTHJbQSJ%2FKdFJ6Bnt1h3wucRgNYXnSxd%2BthTnBWd5sgDtIgZM2ojymDifgM704QYJN26KJfeofzfYN%2BQ9uRN%2FBsaHO89RrMPBRQ4yxWQ7LylZy4WwHzYHAC%2BfH5e8kBSTk6RRD0kQoKMeyOp5%2FVqMiWyJI0%3D%7Ctkp%3ABk9SR4Cii4zeYA&LH_Auction=1
Raspberry Pi 4B 8GB RAM with Official PSU,96.99,16 Aug 2022,15 bids,https://www.ebay.co.uk/itm/225120033342?epid=16039083418&hash=item346a331a3e%3Ag%3AE0YAAOSwud9i-pwY&amdata=enc%3AAQAHAAAAoNw3fGkFC6z98GGLhSQMOlVsjm6Jb37i1AksboQc8O7uM4brDtBoEPRFZGy8QhZeyb53GtMGEiTCxRHzuFReVTweKAo%2FONQQQxuOacX7kB8J%2F0cUdwM%2FMT14vZd2vI7zJ4LtjgsNn2MwbzrFlmfjN7BKBHJOcW1Ife7KUpQk2V6sh4fifKjNhnPbCKmLxOcBmml4nzT8iKCWzpihnv34g3A%3D%7Ctkp%3ABk9SR4Cii4zeYA&LH_Auction=1
Raspberry Pi 4B 8GB + 64GB MicroSD + FLIRC Case + Extras,156.0,14 Aug 2022,23 bids,https://www.ebay.co.uk/itm/255666037109?epid=16039083418&hash=item3b86e22175%3Ag%3Ade0AAOSwb45i8ANF&amdata=enc%3AAQAHAAAAoDpVr2O658N1IgGI3zy8do3MnJVNcndpSpz9bkNdtTNr9rXrMono2%2BkQSLtRaiIvoA4YBYiMSC0IFycm0XbiiH%2Bk3U3pPrWkxPdGeGcBnj5tgpCfPjUswNUwSPACr0hVmvXp6LBc%2ByKoNLhsgiWSLPIBmVoNfYSq2wzNrCJgkKvlgkbFd92r0mXBK4bKdA%2FedNgt%2BJLtXf5cLItFURtRmss%3D%7Ctkp%3ABk9SR4Cii4zeYA&LH_Auction=1
Raspberry Pi 4 Model B 4GB Motherboard (RP-4B-4GB),85.2,13 Aug 2022,5 bids,https://www.ebay.co.uk/itm/275414253372?epid=27053252260&hash=item401ff7ff3c%3Ag%3AVJQAAOSw7Mxi7rpO&amdata=enc%3AAQAHAAAAoFiMFVfiW9M3RDtsDtlXgfVWVafrQ%2Bo7BL8hsn8O%2BRE2NRbdEZitJU0PvFw05TrVnVpXDqhowvyiZkyvYvCyuP3fsu9PcwtRrIsm6tgEgfh0vZQ%2FPviMyY5AEIsxTtI3UxrWuT99Q53N2iF8C3h2UR7mDHFV6kgPBC12uwABNKpv%2B2AjedA%2Bls%2Bbf06yq%2BiWva1ltW8gzzhXitrV3yWQEOw%3D%7Ctkp%3ABk9SR4Cii4zeYA&LH_Auction=1
Raspberry Pi RP-4B-2GB 4B 2GB 4 x 1.5GHz Computer System,65.0,12 Aug 2022,1 bid,https://www.ebay.co.uk/itm/314100420215?hash=item4921d80e77%3Ag%3AyeYAAOSwzZxi77ui&amdata=enc%3AAQAHAAAAoFV%2BgKLAopHSkvBnZwkCZ7%2BMOlHhmp6DkrM8u%2FdXh4iEARHd%2B%2BSAqoKlNLdi6vRK2oIKNQEKOKJEvhc9C4Dd9KJrkWgeIPFHtpjBTJw8Acwqcy6h6cu0nPVreKDfFAsEoAuo9lFuuRpn4%2BPa7hnswAcZsbNgXKrksn1ZL1jgXHxdCSPaehg%2B2mZb9iCw3SAZpR1lsAR2%2BPMM2ys7V2ZsMw0%3D%7Ctkp%3ABk9SR4Cii4zeYA&LH_Auction=1
Raspberry Pi 4 Model B 4GB Motherboard (RP-4B-4GB),43.65,11 Aug 2022,27 bids,https://www.ebay.co.uk/itm/275411667522?epid=27053252260&hash=item401fd08a42%3Ag%3AyVkAAOSw-api7BVn&amdata=enc%3AAQAHAAAAoBZfK5rGLxRrjI7xtfQOo3W9RLWhA5ImV7yDp8D36DXtSadpeqycKG2r1ULZa95T2ezLfUN%2B6BvcDHx0aJ3bIc2wx49mxO2sww1asaslzN0omu5qVfv95Y%2BtgmN0bJiYbzF5Qj8zEZYyHy7rXidy2BHH3b8TqncImT5UWarJt%2FZYSb%2BbGQH%2FMbYbrxHnV2Rnmv3Z5CLOmd0nqoCzdbWHujk%3D%7Ctkp%3ABk9SR4Cii4zeYA&LH_Auction=1
Raspberry Pi 4B 4GB | Argon NEO Case | Official PSU | HDMI | 16GB SD,102.0,9 Aug 2022,22 bids,https://www.ebay.co.uk/itm/334520840592?epid=27053252260&hash=item4de2fef190%3Ag%3ALpEAAOSwSKhi6Ttw&amdata=enc%3AAQAHAAAAoFZdBeW6c7L%2F2g%2FdPxmSDjag5R6dGsMHHhwU%2BCe1bQRr7YZqND0qvjfixnsYDOm4UXQ3y%2BO8eKCy3RVRXEqsT5SmTY4J9jkVT%2FISlWnR%2BGukXQ4fUcoR6IDqn2QDo1Hs0E%2BlesZOSjDk9sxI5UK45umcVFYRMvAUWEmD%2BEM5uCkkKiBGqoGqNtvMYiIHUtfAN5k2IWhYyNdoRHOqw7JpDWs%3D%7Ctkp%3ABk9SR4Cii4zeYA&LH_Auction=1
*FAULTY* Raspberry Pi 4 Model B 4GB,33.27,9 Aug 2022,10 bids,https://www.ebay.co.uk/itm/225101123322?epid=27053252260&hash=item3469128efa%3Ag%3AVbYAAOSwEMhi6Wfb&amdata=enc%3AAQAHAAAAoJ21GV4HvPXf8Teu%2FZDSDxjd2Y%2FH2a6xLjlAYJeAZodIVq%2F1d0KT5cmZnzigsweXzUkgPrqZiJZTcBPRmE6w5Psz3nMA0QS6dXgu77GKw26ZqP0JO3s0Qjjv%2BvQ03w6EDYs7htv8tqI74T39incGtft4gJQWsbulE0XWwPm6wEn4HAkhTxFHX24JPlnCG4lXd29fiVi8KJwEZXuREhvjs5Y%3D%7Ctkp%3ABk9SR4Cii4zeYA&LH_Auction=1
Raspberry Pi 4 Model B 2GB Motherboard (RP-4B-2GB),56.0,8 Aug 2022,10 bids,https://www.ebay.co.uk/itm/284917907386?epid=27053252260&hash=item42566e3fba%3Ag%3AxhEAAOSwtphi6FM6&amdata=enc%3AAQAHAAAAoOdoTvv6cAcFccEsDmAousdW5vbNCLaLjfpshR6esQ%2FxMef2xu1A0yWY8UWUyESPj5Fk7ZaCROc8cf9BCwRxgZuJGWvOXJN%2BdvLG02IsErXgbtsfQiPFaQzK8V6pPUAGVeCKxaJuBmGQzhidU%2FH57%2BfY1QiY461Bd8JFGZEqz0oq7tcu0nYtFGEhRMNR2HMNsrE4aHkq11YGuZR8xvdj7Uk%3D%7Ctkp%3ABk9SR4Cii4zeYA&LH_Auction=1
Raspberry Pi 4 Model B 4GB Motherboard (RP-4B-4GB) with accessories,86.0,8 Aug 2022,12 bids,https://www.ebay.co.uk/itm/284917902761?epid=27053252260&hash=item42566e2da9%3Ag%3AQHsAAOSwCp5i6FJA&amdata=enc%3AAQAHAAAAoETgHPxcqWCbbWnzhJEuJJAUmYxaFag66PwXglH%2BnTUPBuIAyYY5JYmvoxT%2BPa3i16QYqvchCAflb7VbJX0CPKp242pa6m1Dr%2BUkuINTvpsgM1CvUOsgdmgi%2BRkXurtthf8lVlNst7xsXeu%2BfTNqQdVPYzpEDnu1gEcHSmLvOk%2Bo%2FtRx15hE0VyaWXwBKZwjKnBDouZK2P0lcqW0y2fH3XY%3D%7Ctkp%3ABk9SR4Cii4zeYA&LH_Auction=1
Raspberry Pi 4 Model B 4GB new never opened,64.0,7 Aug 2022,15 bids,https://www.ebay.co.uk/itm/295124235823?epid=27053252260&hash=item44b6c6762f%3Ag%3AugQAAOSwykpi5p%7Eu&amdata=enc%3AAQAHAAAAoEnNeRHcoBAIr8KgN5JB4uPgBkgadSCFJ810QX8ufpaafLGAk19Z3sw2Jzy3ftNROyFVZRaPlm%2B%2FH4k9V8dzlnSU6CNxjpU1fJA2t7UDfEkatIcnqCjRkuua1GzuyGNHyRKHg6WWjq02Po6MjOhJeZFvf3vBTrZldlYb0bNgFcAfJ2q4mqHEuq7Wiansf2Jtqxt%2FCvlEH5hqJlKz72Cwpno%3D%7Ctkp%3ABk9SR4Cii4zeYA&LH_Auction=1
Raspberry Pi 4 Model B 4GB   New Never opened,80.0,7 Aug 2022,28 bids,https://www.ebay.co.uk/itm/295124232447?epid=27053252260&hash=item44b6c668ff%3Ag%3A8yYAAOSwi4Bi5p6G&amdata=enc%3AAQAHAAAAoDdcZQS8DFMk6sg556zeIppk8eQ76y0uiHwe64vHl%2B%2F20%2BwpnYmgDhnyprz3NOdS1jPi9KL092M4u7%2BYqS7ePJWfQDE8JpqS9WL4A1JM6LGrstx8gIn0S3dBStw%2Bg06jos2PUpDU957j2NFvo2mEyfq44qda22pdFiCcEDKNw3DZakCBjqZSDUiXI4tws3Y%2BRNcU%2BWS%2FGMiaeE8TJfdtWpk%3D%7Ctkp%3ABk9SR4Cii4zeYA&LH_Auction=1
Raspberry Pi Model 4B - 8GB - 4 x 1.5GHz + Power Supply + Micro SD (32GB),122.0,7 Aug 2022,27 bids,https://www.ebay.co.uk/itm/265791913485?epid=16039083418&hash=item3de26ebe0d%3Ag%3Ak38AAOSwtZVi2wY7&amdata=enc%3AAQAHAAAAoOXTpVhW9kECWTS431uNikmX6y9R5TNtr8GvHj1nv4r%2FUpVWEUCIy5RCeqLKUKHxDezjsSGw2VbYKxD1GVA9jZunGPGw6H9B0FXulpnb7pxCjjIpVBXR3Mhw7jFcflrVLrchTMbxAqEMxtYNmYSrmsh5AGsgaIJ0dd98%2FL3jtS3P7thkXto%2BtcF2cS46DbC7TXVwGcGq5NQxuiGG7RCwBoI%3D%7Ctkp%3ABk9SR4Cii4zeYA&LH_Auction=1
Raspberry Pi RP-4B-8GB 4B 8GB 4 x 1.5GHz Computer System - New & Sealed,123.0,6 Aug 2022,16 bids,https://www.ebay.co.uk/itm/195259192188?epid=16039083418&hash=item2d765ad37c%3Ag%3AnHcAAOSwpgRi6CAQ&amdata=enc%3AAQAHAAAAoAZDsiYDe5mq8GW5%2B%2Fi9%2BQVPcMOdhQWp2rfd9VRVoaHoCu5saOBC1g3w%2FyE4RhsNLFHuQbV8YqL8A6tjUg4WQKvaxWxopGw7Gp1w8UelZhnCiOYzRRMv4cdPGfoLcOail7utxpjlrnHi%2FSgeO1E%2BhoerCHxqmkbYAMgcLvEyTeF34yF%2BE%2Bi4hEqixQrnNLLqoiiLS6cSvnn5V9o1VYcYk18%3D%7Ctkp%3ABk9SR4Cii4zeYA&LH_Auction=1
Raspberry Pi 4b 2GB / Switch / OpenWRT / OpenMPTCP Channel Bonding Router 7 Port,59.0,5 Aug 2022,7 bids,https://www.ebay.co.uk/itm/275406512867?hash=item401f81e2e3%3Ag%3Ais4AAOSwVDti1DPq&amdata=enc%3AAQAHAAAAoH7zBai4T4TYkVj90EFHlklofrhL6QZ8z3WUQoa4Pr8%2FwrWXDgOkhp9ul47G4ggDzpUYN735Q5UYPAE4qar3kRbpdU6CmRbrQzpshQZw8p2Gf59B2EseiqiF4hwX%2F6Ypjd8XZ3RjDgf5cSZHEM28hQ8wfzBGNwuD4No3vQxkUZq%2BNaaNGhvajQMee07JlUzFI5nigktbtwZzj%2BHvCdlcjZg%3D%7Ctkp%3ABk9SR4Cii4zeYA&LH_Auction=1
Raspberry Pi 4b 2GB / Switch / OpenWRT / OpenMPTCP Channel Bonding Router 4 Port,51.1,5 Aug 2022,8 bids,https://www.ebay.co.uk/itm/275406513481?hash=item401f81e549%3Ag%3AlgEAAOSwt%7EJi1DFa&amdata=enc%3AAQAHAAAAoGxuTr%2Btyj2Df2%2FjWsvRdwuxWzoQ%2F7KRBzybPXf8X2qJbLR7uYmXfTa4YfVbxMZli09fu8Wum3Y5dRBOwgep%2F3WQ6MBpbjc6UE67BL6z7iq1es5aGlzaABlzdwdWNDfB%2FPnIGtKJ9CReBlObCO1jT9mj6giIY5yeN21boat57qtU5mzckqaIjmrciQGehnBsNdJLOyNtrTczPldT1bYke6U%3D%7Ctkp%3ABk9SR4Kii4zeYA&LH_Auction=1
Raspberry Pi 4 Model B 8GB Motherboard (RP-4B-8GB),114.0,5 Aug 2022,10 bids,https://www.ebay.co.uk/itm/185517837059?hash=item2b31b98b03%3Ag%3A1OcAAOSwLyVi5AYB&amdata=enc%3AAQAHAAAAoNG0sbRVzPbsC65R1DdPIyvcK%2FECBWzRVC4ZWo%2BS3r8UqEIzlAmwp%2BcoflfjqHscvt1G0SoPTfkphy178v6hJN71XQUgmp1N92fPfOeJaPa6oeCmrGh4K6IgSUtL6SPkOGikWklONSVXghkFHJL1Q02%2FRmTyxv7choGPGAVu8nNZ92AyS%2FjVxYvH3sBZ7Ajj3DNvI9cwzCZxJ3THP3R1vBo%3D%7Ctkp%3ABk9SR4Kii4zeYA&LH_Auction=1
Raspberry Pi 4 Model B 4GB Motherboard (RP-4B-4GB) and bundle,85.53,4 Aug 2022,23 bids,https://www.ebay.co.uk/itm/265804751491?epid=27053252260&hash=item3de332a283%3Ag%3AlwsAAOSwai1i5Vmi&amdata=enc%3AAQAHAAAAoFIWbPHLL50WQ7G%2BjbPaQa8uYUlIGnw0DThTfEtAOApB7hQ9Qi09GN9JhDJWIAQcnzzz0QOSlzH%2BfTLsjiPzejf5KlNme8h3cfIoa%2BRUdHT6uSWu5FQQ%2FvrlVM%2FhVgFslM1%2F3rz%2FTzjK8HL8AIiltKZDxguKRq4IuZhR6GTAfYMZYOkvGNgR6MQFRtA%2BRUVIqGFlzzsTtA8IrVeVU2OsvRM%3D%7Ctkp%3ABk9SR4Kii4zeYA&LH_Auction=1
Raspberry Pi 4 Model B 4GB Motherboard (RP-4B-4GB),87.0,4 Aug 2022,6 bids,https://www.ebay.co.uk/itm/144661523450?epid=27053252260&hash=item21ae7fabfa%3Ag%3AISAAAOSwzmBi4s-w&amdata=enc%3AAQAHAAAAoLfeXPZSK%2BI1Ek8AaAx8tlac201U1zf7%2FQCHF4GLoIJrLPQ3mXUdEJCuKtSMDOUIeAYr2K8%2FlwLFjfz4%2F1hd9yRgdLmDlotcJMxNJnEMvW6Y1AWt4lWBRn%2FfZZ0qqzjzH1wATF68f1RajhqcyOtH617RBsTa1LUPJbJY9WtCu1Zx%2FiBPEIPDhhCmrAiKrV6fRoJjXYTSbCfz3RkmnuubCaY%3D%7Ctkp%3ABk9SR4Kii4zeYA&LH_Auction=1
Raspberry Pi 4 Model B 4Gb Rev 1.2 RPI4in official case,89.0,4 Aug 2022,14 bids,https://www.ebay.co.uk/itm/175369586530?epid=27053252260&hash=item28d4d78762%3Ag%3A8cQAAOSwoUBi56dk&amdata=enc%3AAQAHAAAAoGzbeorppproDd3SuhVAD5Gn%2Fv8XZz%2B44WKRCDUgWkKnaDIUp7t65cu43JQQ4TkL2tN2vPmXac4LoEwH5JDtdZFR9GDDM0dDgerrrSYbhmpUvaMWw7VCj6UfQ7L1I53EFNidLgadh7Vf41LyRrNDV36qiLO0TBKyNLktyzZ27tk%2Fr24QKgEpwatcoonPfsjagTSejOBFxicy0TMy01zusq8%3D%7Ctkp%3ABk9SR4Kii4zeYA&LH_Auction=1
3 x Raspberry Pi 4 Model B 2GB Motherboard (RP-4B-2GB),150.0,2 Aug 2022,12 bids,https://www.ebay.co.uk/itm/125434068890?hash=item1d3473ff9a%3Ag%3AAvgAAOSwUT5i4DEu&amdata=enc%3AAQAHAAAAoGoH6EG%2FxHNXD%2FJeeJ9Ja0CNee9n0zQS26uxhdbjWBky%2Fe7EYNRAY57QZ3BRch%2BDrxc5JMJUMWxek%2Bf0J3Dwed643x5IKasGxTjsBUTi0IICbT0MqblztMszsTy5JCxij7AbYGMBDZplKn7NAcG16eycY9QgiFiWzVVE2WL1ipKq7ZooezK6IKkaLKqBcx6LYNwHgc7ec0k0mGKL6qGa0n8%3D%7Ctkp%3ABk9SR4Kii4zeYA&LH_Auction=1
Raspberry Pi 4 Model B 4GB (FLIRC Case),69.77,31 Jul 2022,4 bids,https://www.ebay.co.uk/itm/175367823295?epid=27053252260&hash=item28d4bc9fbf%3Ag%3AmJIAAOSwAVhi5SGC&amdata=enc%3AAQAHAAAAoClsHbq1JOn7UCp7BQREOxmVdnEfBuUaeySYVloAxWdsrndvOwb%2FuOzuGRPKWKNxKtF%2BYOGfDzN%2FxoKjsr6NVvQEbkSc0tdHHXCYaJu8%2F8VqOH0cay9SouenPHSFAWCI7veT%2FauTSXa79lIR1jFDWQlS3nhuHeK81RBqS4eQ3vo8ITpOiJ1fixLfBL9yRvUnyh0IDO31iV6%2BeSJ3WFald8E%3D%7Ctkp%3ABk9SR4Kii4zeYA&LH_Auction=1
Raspberry Pi 4 Model B 4GB with original RPi PoE Hat and 32 GB SD card included,84.88,30 Jul 2022,16 bids,https://www.ebay.co.uk/itm/204048931334?epid=27053252260&hash=item2f82439a06%3Ag%3APowAAOSwh7xi3myW&amdata=enc%3AAQAHAAAAoPMVYHOGHhtKOo%2BmreWfDtVCbAYGNcEFLYZfvDZ81Ks28LjzbAqLWPR5TCFuFr0MufBlgRDjSpn84rMBzXY%2FEv8lpHVmBxUV4GvkpTw9HwS1kFF55yLnkDNFdSoOyiHJwIpTJ6kzU5AX8rMW8ok5%2Bv5elNeemYN9MRwJqtbFKidzZtAfi16uZ2n5e%2FfleiXzQNGUW6mWFRrm6HA4MamnctU%3D%7Ctkp%3ABk9SR4Kii4zeYA&LH_Auction=1
Raspberry Pi 4 Model B 8GB Motherboard (RP-4B-8GB),142.0,29 Jul 2022,10 bids,https://www.ebay.co.uk/itm/295106716597?hash=item44b5bb23b5%3Ag%3AHPYAAOSwCpxi1%7E%7ED&amdata=enc%3AAQAHAAAAoEQr6UlIRyS2Fkat3oOAuadutgV%2F8uMxvxHeOV0mDqQO9cWxdqkufRqujlJxewJtNhq3PyvscVIlxlpgJLO7%2F9zG95U0kjzaChIibke1LYcI25IokXuRWzrXvxNUBH0OisWix%2Bfn%2FjHVc9IqUNXWCMU90su1WqnUXEBkDY%2B0vcZIn0xFFyfx%2FbAgAxaL%2BNsEX5SXfMwDCJSWT0rygsDHNH0%3D%7Ctkp%3ABk9SR4Kii4zeYA&LH_Auction=1
Raspberry Pi 4 Model B 4GB. USED,71.0,28 Jul 2022,7 bids,https://www.ebay.co.uk/itm/255635868059?epid=27053252260&hash=item3b8515c99b%3Ag%3A0CoAAOSwtIli1Z0A&amdata=enc%3AAQAHAAAAoMsvKTled73PaV27RbEJNOboHSXAGXD%2F0EtXKXqzZGypPhxQ76TCE2Y%2BbtqBbrREEeJHgjpx%2B%2BTSap7%2BA5zrt%2Bpe1YcOf08INXjGYXboVZZfgeUfhI4xKhzZrBcwqRkIPtOW8FqYeqijoDFViOjx9GrN3sxD%2FizRdNcDWw82E4CniZSXkiyGL0zCU3jwJMa55ksk%2BaoOJxQUbmGSKyEnD9I%3D%7Ctkp%3ABk9SR4Kii4zeYA&LH_Auction=1
Raspberry Pi 4 Model B 4GB. USED,74.53,28 Jul 2022,6 bids,https://www.ebay.co.uk/itm/255635864877?epid=27053252260&hash=item3b8515bd2d%3Ag%3A1%7EwAAOSwsQ1i1Zp4&amdata=enc%3AAQAHAAAAoJts4vGQq%2B26R8o%2F%2BpMB0ONnC2K5JLsVYzKn97KGxy6DmRY%2F40R1ysy4cI%2Bs4XCwCzoXVgi%2FWzrrJubIcCdreMxQP3wzX6lJeKPSaDeFnARXpd9xCj1YAkAHWAnfSlcz%2B302BLgnwHijZpVx30kY9us6gMHsYFIKRbVS2nXNBvL6q6cjbj86XdNBepPh321F5llq1txrvW4A2LLPxEKewr4%3D%7Ctkp%3ABk9SR4Kii4zeYA&LH_Auction=1
Raspberry Pi 4 Model B 4GB,73.0,27 Jul 2022,8 bids,https://www.ebay.co.uk/itm/225082922241?epid=27053252260&hash=item3467fcd501%3Ag%3AjHAAAOSwH51i2AbT&amdata=enc%3AAQAHAAAAoO66d8kdWkBYFK6JGXItMca2MveVFPy03vGcmHhNxipuvr9eE6NmBOubfN%2BvGBXD5bNCqAqizfXSA0QL0DG58JPt03Gk2Xg8%2B17UTy023t2LWiQXCJja%2FY6Nf3ZaYXlcFFP7MhZDyjeRglvXBrZoDtT5b2wAqUesYbnFcLbPQGdw7Vf5u9w45gccGRIJHsGdnKRK4sgOBNbMxjoXoy0CKrI%3D%7Ctkp%3ABk9SR4Kii4zeYA&LH_Auction=1
Raspberry Pi 4 Model B 4GB Motherboard (RP-4B-4GB) And Genuine Psu,75.0,24 Jul 2022,7 bids,https://www.ebay.co.uk/itm/225079066089?epid=27053252260&hash=item3467c1fde9%3Ag%3AVuoAAOSwsuJiypJv&amdata=enc%3AAQAHAAAAoNjh4iWUWUUEgauQhDdgood8p%2F5qJ%2BDEGmfRwHvvmrTpbrr3%2BnF7P0c4EeY%2Fx4m2%2F6eisKh5hbsTgXF0%2FjWkQ3wUODqYAupZPQ4duiCKePDr0J4fHx8nB58UZDfjtW6I2taf3HmA4%2FNkDNJowj0QipzIxz7II%2BJqGlJe1nlMxGtY%2FhP8l0r8tZlW4UQ03kf6QQ2znhV9aU8MnJmgBHgtfrQ%3D%7Ctkp%3ABk9SR4Kii4zeYA&LH_Auction=1
Raspberry Pi 4 B  8 GB with Pibow Coupé 4 Case & Fan SHIM,122.0,24 Jul 2022,13 bids,https://www.ebay.co.uk/itm/204040078589?hash=item2f81bc84fd%3Ag%3A-70AAOSwS-di1Bmh&amdata=enc%3AAQAHAAAAoOsnjxxdH36yGWNHqm8U6K4pIz1i2jq8U5fKHDqiOi%2FLMoW%2FyWY8tOdvWVXoIjZ%2BjrY%2BE3zBfFJpimwi1rL%2B07bFt8Kx%2FvBLVXeaawqXHjd6ZAo%2BJ1F6%2BchFbsy00nc%2BBFjwHIrlgooqPAWZzQFxJu4ZXeCdc%2BEXtZgEKECXSCWeGzw63K%2BNryWDMJ12nzu7paXXuFPamXhHnB2CewzZumI%3D%7Ctkp%3ABk9SR4Kii4zeYA&LH_Auction=1
Raspberry Pi RP-4B-8GB 4B 8GB 4 x 1.5GHz Computer System,102.0,24 Jul 2022,5 bids,https://www.ebay.co.uk/itm/195223551069?epid=16039083418&hash=item2d743afc5d%3Ag%3ALBcAAOSwt%7EJi09ot&amdata=enc%3AAQAHAAAAoLGc1mmI%2BBw9R0gkbhlxbMCaqFZNDgY15dl3w3Qj7QOftQDhl%2FHMiV4QN0F4BzDbtOLxvsWT3gysIM69MOlE3uMLJHVRrP6bHZGJPj4%2BDeNiw4hxiJ1PkO%2BrQq5JS8%2BQ%2BrhRovqNrYES8fz5j6K7j65BATGnhuvGcsb66O0gtMt7NL6h092Vr5XRM4LfVP59wm%2BZc2grdIF2KYAOFpMlZ04%3D%7Ctkp%3ABk9SR4Kii4zeYA&LH_Auction=1
Raspberry Pi 4 Model B 4GB Motherboard (RP-4B-4GB),71.99,21 Jul 2022,8 bids,https://www.ebay.co.uk/itm/144645977260?epid=27053252260&hash=item21ad9274ac%3Ag%3ArFAAAOSwd9Bi0G3H&amdata=enc%3AAQAHAAAAoAUR6v8M5OqVj%2FcRGw%2FXK3xHTxWRntECAdHet693hssRygRq9GkRTmo27ThDwCd%2BuTmEn1WqrItdk8immKcynJz24eiVpK8PGatqWUuzv9x%2BZ7uxJ04g1SJnWqgadNSwBmwxnKd63875I0rvFhG2bB94vLWFFgg1c8JnEEpPwzqLNNz0WvmWfzbR41KtMHmNFQUTSwykx5croK70kIAlp8k%3D%7Ctkp%3ABk9SR4Kii4zeYA&LH_Auction=1
Raspberry Pi 4b 2GB with 32GB SD Card and 2 x 3D Printed Cases and 3 x Stands,62.0,20 Jul 2022,10 bids,https://www.ebay.co.uk/itm/275390461327?hash=item401e8cf58f%3Ag%3AxcoAAOSwAg9i1DlD&amdata=enc%3AAQAHAAAAoEvc0eYmGAxaveVQxy8Ogh29FaLZkBfXkn%2Fvm%2BPSJnLYRWvA8lt29kmyjQcsdeRG4Zqj6xob5DUlCJZQSt6Im9x1kqOTQkPygSspl9RH%2F4Xa%2BDboyfw2Z%2B4HT21hWJ0rkMnBQKjkUG0vVYfrhKV0IcFuL65TOTPSiyhMoRk79BZGmzmuZiAzorhuVjhgzGnVGhDBjJEvZwdT7lInzBxRHiw%3D%7Ctkp%3ABk9SR4Sii4zeYA&LH_Auction=1
Raspberry Pi 4 Model B 4GB Motherboard (RP-4B-4GB),72.0,20 Jul 2022,2 bids,https://www.ebay.co.uk/itm/185499209838?epid=27053252260&hash=item2b309d506e%3Ag%3AsHoAAOSwzBlizsW2&amdata=enc%3AAQAHAAAAoC%2BlQCiyo5u21bxVfQMAprjc%2FDfyUZq2HE5S4fBDfF2xkxNiUiol1Lswu6dO9oXY%2FAOhzmOaaTekXwlwemTDwnXHC4ACZTmUvDC8H%2FDij9krAHvr67HLtsCJ8lVjEThP4fRIHhnJF%2F1aIhVPwfq5x%2BlprpStJvVf4OPXz90EsleDuxeNOr0msj01iBbIAOBHtMA4%2FfSA%2FANIgYgC%2BVonIqE%3D%7Ctkp%3ABk9SR4Sii4zeYA&LH_Auction=1
Raspberry Pi 4 Model B 4GB Motherboard (RP-4B-4GB) HDMI POWER CABLE 16GB ,73.0,19 Jul 2022,11 bids,https://www.ebay.co.uk/itm/354170010897?epid=27053252260&hash=item52762d7d11%3Ag%3AQlcAAOSw8PVi0vpv&amdata=enc%3AAQAHAAAAoLi5GJe3oQPAs%2FQ5QxqiH6n6XbhgmQDODeT%2FdsNRaTmXEyI0n74lyi7obgKAUpOrZrWewW1USd24%2B%2FBlGXLWvY7744pKmY7yqyvuAjX1mDT%2Fsm6a28CIXeWvgIOPlluBZt8G%2FQaUcntqx%2FCygY7EoprxpIvWurhMe09if1cX0RcFYxGdf7v40HzlCZSgN5l3Wk9O66ojbxra9ipjoqkw%2FJU%3D%7Ctkp%3ABk9SR4Sii4zeYA&LH_Auction=1
Raspberry Pi RP-4B-8GB 4B 8GB 4 x 1.5GHz Computer System,116.0,18 Jul 2022,13 bids,https://www.ebay.co.uk/itm/185497422294?epid=16039083418&hash=item2b308209d6%3Ag%3AyiEAAOSwqblizJy5&amdata=enc%3AAQAHAAAAoPvpXss4nCijhSH3zHipdKWKJ%2FgDpagy6IwghMrYTSrkfK%2FGUWzcxMWk%2B6RRJ5jnH5ZDA5Rk%2B%2F%2FPG91QHmOdjIHpXIldzRlabxdyw%2BQOFQboTSTPIJ0cHRW6QddIZcRbuo2stFfpPjfFXXoqZ94gi0zGy5oFVJwBO5MiDb11fy9lMOEuGKlPXxIYBwirN%2Bonjul644nV%2FEcTbip2vuAh7nA%3D%7Ctkp%3ABk9SR4Sii4zeYA&LH_Auction=1
Raspberry Pi 4 Model B 4GB Motherboard (RP-4B-4GB) And Genuine Psu,95.0,17 Jul 2022,27 bids,https://www.ebay.co.uk/itm/225068267621?epid=27053252260&hash=item34671d3865%3Ag%3AVuoAAOSwsuJiypJv&amdata=enc%3AAQAHAAAAoK3XqAyut0prt2FXbiyggNq0H2hNplwmHh0HI50beT%2FEIvSP8hrguLyshleYG5%2FM1EEvWVEHHBzfPOgKbcgQjROVULECGt92bcA8BM4hRT4ul0PK%2BO6kakmSnIjYuUQQPY%2F5vY25WgYgaTlT079d9%2B1XruKAel8sQqIoajm28ag5WpDzD3V1g8GpC%2BSzhpLoaRuzar3w1p5aeLTdqQF5XKk%3D%7Ctkp%3ABk9SR4Sii4zeYA&LH_Auction=1
Raspberry Pi 4 Model B 2GB + accessories including case; excellent condition,82.0,17 Jul 2022,4 bids,https://www.ebay.co.uk/itm/284886704087?hash=item4254921fd7%3Ag%3AyyUAAOSwgPJixbLk&amdata=enc%3AAQAHAAAAoPSl2czlpyi611ZdH%2BimW5PJFMFwbEhan3lquCHbZv4xe8nGtymRm09%2BS%2B8JA2hlEbmhXU1BwaZpJEsSnk8uv1pzGRHjXHbp45DDYxsrmFsgZmfOgRBXoIjEDF6yg1GOEoEbSz1SpR9cfLzTs7Hae35wkkQbLWoMhwhMND3Ycq5aoZwXoQHN0%2F2OLhK4OW%2F6Rm%2BY%2BNlr8b4biEMZ2aLnhqk%3D%7Ctkp%3ABk9SR4Sii4zeYA&LH_Auction=1
Raspberry Pi 4 Model B 4GB + accessory bundle; excellent condition,90.0,17 Jul 2022,8 bids,https://www.ebay.co.uk/itm/284887631256?hash=item4254a04598%3Ag%3AFhQAAOSwgPJixp%7ER&amdata=enc%3AAQAHAAAAoOHnH0R9BblU0ukoujGN%2B0uHVA3JVup981WjJqriDMIAS%2By4tl4bMglusuo2pXaGE3ziRN7Cf9kUJ8OTtloeoOf9pZYjfhcmxxKfjYUTnoQIuERX6LFv3XoJARpJgAPgtlg%2FfXdLcc2udGuQ1YL%2FtlHenURtrMww4l08JHBZJgHLVvXX9JPGT8%2FV%2BHijHha5zwHNxGEJg%2B3katRI2BOa3q8%3D%7Ctkp%3ABk9SR4Sii4zeYA&LH_Auction=1
Raspberry Pi 4 Model B 4GB Pi-top,102.0,17 Jul 2022,10 bids,https://www.ebay.co.uk/itm/165574518972?epid=27053252260&hash=item268d02a8bc%3Ag%3ATZEAAOSw5e5izbzn&amdata=enc%3AAQAHAAAAoAK8HjRA4m4nr7eFm4bRFo3lMdDMreQheukKe5DbG1GjLr%2BjezszZaq1%2FEupDZzOJeHGYptaNXBVu7DCITSO4H5n7HtQ44qGFSLLegHuYADfFr1AMyerLPuFR%2FZadkzls40El2DSq5cYLmWNyrCgvWle7NUUB4%2Fvr18a213vpNYRKaRWaRIINf8NGymMoWnq4KRt3Mh4Mm4J1QFiAdK9BA8%3D%7Ctkp%3ABk9SR4Sii4zeYA&LH_Auction=1
"Raspberry Pi 4 Model B 4GB With Case, Power Lead + 32GB SD Card",92.0,17 Jul 2022,20 bids,https://www.ebay.co.uk/itm/134169269606?epid=27053252260&hash=item1f3d1c9566%3Ag%3AmQgAAOSwLNNiyw%7EE&amdata=enc%3AAQAHAAAAoEBB7DxRhN5531wu12i%2F%2BMENl69EZIonSSi%2F%2FobjjhpGq1vql62C9jZ0Lxrzd95U35BuAKnv6AuSS%2BUvKQOSI%2FI9nGWku4KPOkMGj9zWn2jn3WQSsbYzVvnno8TzEObLbaAgbmzXr5ffJ8HQiby%2BLoqpeh%2FaUHlKsETfTRGs1vEJS4nBw4Rq5%2FXrAfmCyqzLeK2vkyws3xLRvJYT99FSXSI%3D%7Ctkp%3ABk9SR4Sii4zeYA&LH_Auction=1
Raspberry Pi 4 Model B 4GB  (RP-4B-4GB) + RetroPie 64GB Sd,77.0,16 Jul 2022,20 bids,https://www.ebay.co.uk/itm/185497370791?epid=27053252260&hash=item2b308140a7%3Ag%3Ac9sAAOSwnAhizIUp&amdata=enc%3AAQAHAAAAoAnRuPT6RShwoNEDgNWBQWOqK5Oa4C74nNtQiDONTp3SWN5x7CM%2FNZnCImPLxHAQo0bdNgZNWxgHkT5uQ%2Faxg3x9u8xkvQIbRNENEIMBXxkJT4529SZ8wNMqw4I9CL9zCa3Rm6EBm6Tfg32E3cMJeArwb2%2FzWXzGms9kUkgRocOmBmcSRNvubFYrMirAdlE6Ni%2B5FyEkqd5xCJK%2BzGvw8q0%3D%7Ctkp%3ABk9SR4Sii4zeYA&LH_Auction=1
Raspberry Pi 4B / 3B / 3B+ Heat Sinks 52Pi ICE-Tower Cooling Fan 40x40x10 V2.0 B,10.5,15 Jul 2022,2 bids,https://www.ebay.co.uk/itm/334497055046?hash=item4de1940146%3Ag%3A-twAAOSwFqFix5Wk&amdata=enc%3AAQAHAAAAoN4KvH7PC%2BkHJZhYVnGA%2FBPcpbmOnnxvx9cV4mJadphGK5p1lXr7tgtzSayBV80k1DqXjauD1zkbSTiIJaxvPZUlbSrJzrXxBEdWEK5sREBuK75%2FAxOtcNT%2BWW7r8JwaLNaejmgAAlgZYFDCkM748CffBOIQ4op7GOdf456HlBMYlgzK%2FE7X5i1SDN9lqeB0MuNmutZAjYJYHZQ%2Bmcg%2Fhso%3D%7Ctkp%3ABk9SR4Sii4zeYA&LH_Auction=1
Raspberry Pi 4 Model B 4GB (RP-4B-4GB) + 64GB card + Passive cooling case,98.0,14 Jul 2022,15 bids,https://www.ebay.co.uk/itm/125400510517?epid=27053252260&hash=item1d3273f035%3Ag%3Al04AAOSw3TViwtXP&amdata=enc%3AAQAHAAAAoJYw1sJN2AzfFZA8cGTxUsQ3YY5I%2Bh2DkUANiQVfbu1RQFpGZA65yusPLoue78SkqedEL4UBt1OPkI%2BsrkgaRJsV5tO2uBc31SFLdls0NC2Kpcn5gIBGSCWrqM%2BZLPNZRp7eX8K5UYvcSicRXEi2T7gOEPfnvBm0rGB1LNrJTcy7hMiAr%2FacO9z2xwK0U8vNTpVdedpGt1%2FMsBrDvJXzj00%3D%7Ctkp%3ABk9SR4Sii4zeYA&LH_Auction=1
Raspberry Pi 4 Model B 4GB,73.01,12 Jul 2022,16 bids,https://www.ebay.co.uk/itm/165562844258?epid=27053252260&hash=item268c508462%3Ag%3AR3oAAOSweWlixCkh&amdata=enc%3AAQAHAAAAoJD%2FcD6J%2BWXMjsaliythzgftJXPTx6wRYu8u5GvS5pCYxmCAqZnk9QxfgZuH%2F9UtdDxFdmm0l%2FnKU%2FkCaGJUtnrH7aUGXGlitWceRtvmX4qC1pHXabCykmkIsN7DLjIwYIPsQ3YJsYkIhUQ9Lt2PM9sUe3sujNmIPZhI%2BrLis6oWezx6Fbwm8Moybk3fhpw4L2wl4BsrMXAsP14oLTgh4WA%3D%7Ctkp%3ABk9SR4Sii4zeYA&LH_Auction=1
